bag_timestamp_ns,accel1_x,accel1_y,accel1_z
1710536224668326826,7.183861255645752,-1.101709008216858,-6.939568996429443
1710536224680996995,7.192243576049805,-1.1029064655303955,-6.941964149475098
1710536224695945576,7.186255931854248,-1.1088939905166626,-6.929988861083984
1710536224725067952,7.188651084899902,-1.107696533203125,-6.938371658325195
1710536224744040006,7.18984842300415,-1.101709008216858,-6.937173843383789
1710536224756693649,7.194638729095459,-1.107696533203125,-6.945556640625
1710536224771607530,7.187453746795654,-1.1148816347122192,-6.944359302520752
1710536224784012429,7.187453746795654,-1.1184741258621216,-6.947951793670654
1710536224815410145,7.194638729095459,-1.093326449394226,-6.941964149475098
1710536224843434868,7.203021049499512,-1.0957214832305908,-6.944359302520752
1710536224889202352,7.18505859375,-1.107696533203125,-6.945556640625
1710536224899962873,7.192243576049805,-1.1041040420532227,-6.938371658325195
1710536224905922201,7.18984842300415,-1.1256592273712158,-6.95034646987915
1710536224920574396,7.192243576049805,-1.0957214832305908,-6.951544284820557
1710536224933217371,7.18984842300415,-1.0861413478851318,-6.934779167175293
1710536224962676525,7.199428558349609,-1.1112890243530273,-6.938371658325195
1710536225002409169,7.188651084899902,-1.113684058189392,-6.945556640625
1710536225027826912,7.193441390991211,-1.1005114316940308,-6.938371658325195
1710536225055384057,7.186255931854248,-1.101709008216858,-6.937173843383789
1710536225067770357,7.181466102600098,-1.1053014993667603,-6.946753978729248
1710536225097964685,7.204218864440918,-1.1029064655303955,-6.946753978729248
1710536225101548639,7.200626373291016,-1.1100915670394897,-6.938371658325195
1710536225107818644,7.204218864440918,-1.1029064655303955,-6.946753978729248
1710536225164536250,7.186255931854248,-1.1124866008758545,-6.95034646987915
1710536225177251334,7.197033882141113,-1.0969189405441284,-6.941964149475098
1710536225183411650,7.191046237945557,-1.1005114316940308,-6.943161487579346
1710536225202483622,7.191046237945557,-1.1053014993667603,-6.935976505279541
1710536225238476958,7.186255931854248,-1.1005114316940308,-6.95034646987915
1710536225248943146,7.183861255645752,-1.117276668548584,-6.957531929016113
1710536225318239801,7.191046237945557,-1.1112890243530273,-6.952741622924805
1710536225341238056,7.191046237945557,-1.1053014993667603,-6.920408725738525
1710536225362538870,7.18984842300415,-1.0957214832305908,-6.937173843383789
1710536225391856414,7.186255931854248,-1.1268566846847534,-6.946753978729248
1710536225415084706,7.199428558349609,-1.092128872871399,-6.944359302520752
1710536225465739121,7.188651084899902,-1.092128872871399,-6.926396369934082
1710536225492994437,7.191046237945557,-1.0909314155578613,-6.934779167175293
1710536225514035691,7.183861255645752,-1.1100915670394897,-6.939568996429443
1710536225537316120,7.198231220245361,-1.117276668548584,-6.933581352233887
1710536225570479731,7.203021049499512,-1.0897338390350342,-6.941964149475098
1710536225599931856,7.197033882141113,-1.0945239067077637,-6.938371658325195
1710536225645932370,7.192243576049805,-1.113684058189392,-6.953939437866211
1710536225654407592,7.187453746795654,-1.087338924407959,-6.937173843383789
1710536225663119116,7.188651084899902,-1.1112890243530273,-6.935976505279541
1710536225709291576,7.205416202545166,-1.1041040420532227,-6.955136775970459
1710536225725894286,7.177873611450195,-1.117276668548584,-6.941964149475098
1710536225738834781,7.187453746795654,-1.107696533203125,-6.933581352233887
1710536225767924473,7.201823711395264,-1.0909314155578613,-6.944359302520752
1710536225789049230,7.183861255645752,-1.1124866008758545,-6.943161487579346
1710536225806010195,7.191046237945557,-1.1100915670394897,-6.952741622924805
1710536225825012376,7.187453746795654,-1.1053014993667603,-6.938371658325195
1710536225852051163,7.198231220245361,-1.101709008216858,-6.943161487579346
1710536225900642901,7.179070949554443,-1.0945239067077637,-6.957531929016113
1710536225925645777,7.191046237945557,-1.1148816347122192,-6.938371658325195
1710536225946666672,7.18984842300415,-1.1160790920257568,-6.939568996429443
1710536225969782792,7.188651084899902,-1.0993139743804932,-6.933581352233887
1710536225996936377,7.201823711395264,-1.1041040420532227,-6.924001693725586
1710536226035250324,7.188651084899902,-1.1005114316940308,-6.941964149475098
1710536226055696369,7.193441390991211,-1.1041040420532227,-6.924001693725586
1710536226108339970,7.191046237945557,-1.1005114316940308,-6.945556640625
1710536226112535853,7.194638729095459,-1.1112890243530273,-6.945556640625
1710536226137880117,7.200626373291016,-1.1029064655303955,-6.938371658325195
1710536226156936822,7.199428558349609,-1.1112890243530273,-6.912026405334473
1710536226226286692,7.186255931854248,-1.101709008216858,-6.94076681137085
1710536226262145904,7.181466102600098,-1.113684058189392,-6.943161487579346
1710536226264162237,7.187453746795654,-1.0969189405441284,-6.943161487579346
1710536226306307946,7.188651084899902,-1.1100915670394897,-6.94076681137085
1710536226329852919,7.192243576049805,-1.1029064655303955,-6.941964149475098
1710536226358641939,7.182663440704346,-1.1148816347122192,-6.949149131774902
1710536226406374672,7.210206508636475,-1.1100915670394897,-6.947951793670654
1710536226436634290,7.201823711395264,-1.1148816347122192,-6.933581352233887
1710536226451246753,7.186255931854248,-1.0885363817214966,-6.95034646987915
1710536226480621461,7.183861255645752,-1.1112890243530273,-6.95034646987915
1710536226503747414,7.193441390991211,-1.087338924407959,-6.939568996429443
1710536226537163429,7.193441390991211,-1.0945239067077637,-6.937173843383789
1710536226541306255,7.182663440704346,-1.1124866008758545,-6.931186676025391
1710536226562494238,7.192243576049805,-1.1029064655303955,-6.929988861083984
1710536226585584969,7.182663440704346,-1.1041040420532227,-6.935976505279541
1710536226623548595,7.182663440704346,-1.1029064655303955,-6.928791522979736
1710536226655035917,7.18984842300415,-1.093326449394226,-6.944359302520752
1710536226686776892,7.195836067199707,-1.101709008216858,-6.943161487579346
1710536226690867248,7.197033882141113,-1.1029064655303955,-6.938371658325195
1710536226711972710,7.187453746795654,-1.1112890243530273,-6.927594184875488
1710536226736953644,7.182663440704346,-1.0993139743804932,-6.943161487579346
1710536226745461427,7.183861255645752,-1.098116397857666,-6.941964149475098
1710536226774966801,7.195836067199707,-1.1029064655303955,-6.947951793670654
1710536226800176298,7.179070949554443,-1.1041040420532227,-6.953939437866211
1710536226821104186,7.199428558349609,-1.1112890243530273,-6.949149131774902
1710536226842194012,7.18505859375,-1.1100915670394897,-6.952741622924805
1710536226855016713,7.18505859375,-1.098116397857666,-6.94076681137085
1710536226878025465,7.194638729095459,-1.101709008216858,-6.932384014129639
1710536226907537385,7.194638729095459,-1.101709008216858,-6.932384014129639
1710536226932957044,7.201823711395264,-1.0969189405441284,-6.95034646987915
1710536226960347870,7.187453746795654,-1.0945239067077637,-6.939568996429443
1710536226991596366,7.193441390991211,-1.0945239067077637,-6.937173843383789
1710536227044243439,7.18026876449585,-1.107696533203125,-6.943161487579346
1710536227052526114,7.194638729095459,-1.0993139743804932,-6.947951793670654
1710536227080125861,7.200626373291016,-1.101709008216858,-6.937173843383789
1710536227088839566,7.182663440704346,-1.113684058189392,-6.935976505279541
1710536227095081567,7.183861255645752,-1.1088939905166626,-6.935976505279541
1710536227116047990,7.186255931854248,-1.0969189405441284,-6.937173843383789
1710536227160174931,7.186255931854248,-1.101709008216858,-6.937173843383789
1710536227166582711,7.18984842300415,-1.117276668548584,-6.95034646987915
1710536227191932452,7.191046237945557,-1.0957214832305908,-6.94076681137085
1710536227204460715,7.18984842300415,-1.1064990758895874,-6.94076681137085
1710536227231864492,7.188651084899902,-1.092128872871399,-6.943161487579346
1710536227255011983,7.200626373291016,-1.1029064655303955,-6.941964149475098
1710536227275906460,7.18505859375,-1.101709008216858,-6.943161487579346
1710536227309647908,7.18505859375,-1.1041040420532227,-6.939568996429443
1710536227341277014,7.186255931854248,-1.1053014993667603,-6.941964149475098
1710536227381051716,7.188651084899902,-1.107696533203125,-6.935976505279541
1710536227452783586,7.192243576049805,-1.0945239067077637,-6.94076681137085
1710536227459027642,7.182663440704346,-1.101709008216858,-6.943161487579346
1710536227494748267,7.198231220245361,-1.093326449394226,-6.927594184875488
1710536227509333771,7.199428558349609,-1.1148816347122192,-6.951544284820557
1710536227522036654,7.181466102600098,-1.1124866008758545,-6.938371658325195
1710536227559687928,7.187453746795654,-1.1088939905166626,-6.946753978729248
1710536227572500130,7.192243576049805,-1.1064990758895874,-6.945556640625
1710536227591315857,7.204218864440918,-1.0993139743804932,-6.946753978729248
1710536227611473029,7.18026876449585,-1.1160790920257568,-6.934779167175293
1710536227647907084,7.182663440704346,-1.1005114316940308,-6.943161487579346
1710536227685603556,7.182663440704346,-1.1088939905166626,-6.952741622924805
1710536227719419686,7.193441390991211,-1.1053014993667603,-6.939568996429443
1710536227782117636,7.187453746795654,-1.098116397857666,-6.947951793670654
1710536227813522223,7.188651084899902,-1.1160790920257568,-6.938371658325195
1710536227836922148,7.188651084899902,-1.093326449394226,-6.939568996429443
1710536227849476403,7.187453746795654,-1.107696533203125,-6.959926605224609
1710536227868313338,7.176675796508789,-1.1064990758895874,-6.962321758270264
1710536227977533755,7.18505859375,-1.0957214832305908,-6.94076681137085
1710536227994391761,7.197033882141113,-1.1041040420532227,-6.938371658325195
1710536228019480888,7.193441390991211,-1.1053014993667603,-6.935976505279541
1710536228050763924,7.18984842300415,-1.1029064655303955,-6.934779167175293
1710536228054989142,7.18984842300415,-1.1029064655303955,-6.934779167175293
1710536228082505811,7.195836067199707,-1.1148816347122192,-6.935976505279541
1710536228109960027,7.18984842300415,-1.101709008216858,-6.929988861083984
1710536228196261350,7.192243576049805,-1.0957214832305908,-6.937173843383789
1710536228212411846,7.183861255645752,-1.1088939905166626,-6.957531929016113
1710536228227672933,7.186255931854248,-1.1112890243530273,-6.951544284820557
1710536228251136008,7.194638729095459,-1.1053014993667603,-6.937173843383789
1710536228278493661,7.191046237945557,-1.098116397857666,-6.939568996429443
1710536228289155861,7.198231220245361,-1.0957214832305908,-6.944359302520752
1710536228309980156,7.198231220245361,-1.1005114316940308,-6.945556640625
1710536228352064939,7.18984842300415,-1.1112890243530273,-6.939568996429443
1710536228373217881,7.181466102600098,-1.113684058189392,-6.945556640625
1710536228381491318,7.187453746795654,-1.1053014993667603,-6.939568996429443
1710536228394177575,7.186255931854248,-1.1005114316940308,-6.943161487579346
1710536228419085486,7.186255931854248,-1.101709008216858,-6.943161487579346
1710536228431924499,7.187453746795654,-1.1053014993667603,-6.945556640625
1710536228444370104,7.183861255645752,-1.0993139743804932,-6.944359302520752
1710536228461412759,7.183861255645752,-1.1100915670394897,-6.94076681137085
1710536228480384127,7.183861255645752,-1.1100915670394897,-6.94076681137085
1710536228488749546,7.191046237945557,-1.101709008216858,-6.941964149475098
1710536228507744585,7.193441390991211,-1.1005114316940308,-6.945556640625
1710536228528803975,7.198231220245361,-1.1053014993667603,-6.933581352233887
1710536228558163839,7.187453746795654,-1.107696533203125,-6.949149131774902
1710536228581385100,7.199428558349609,-1.098116397857666,-6.937173843383789
1710536228585401100,7.179070949554443,-1.1053014993667603,-6.941964149475098
1710536228602461552,7.191046237945557,-1.098116397857666,-6.937173843383789
1710536228623291848,7.188651084899902,-1.098116397857666,-6.939568996429443
1710536228636081560,7.206613540649414,-1.1029064655303955,-6.932384014129639
1710536228684332626,7.191046237945557,-1.117276668548584,-6.932384014129639
1710536228695005376,7.206613540649414,-1.1005114316940308,-6.955136775970459
1710536228709756378,7.183861255645752,-1.1064990758895874,-6.947951793670654
1710536228715962411,7.186255931854248,-1.0993139743804932,-6.944359302520752
1710536228739085892,7.20781135559082,-1.093326449394226,-6.951544284820557
1710536228762324328,7.183861255645752,-1.0993139743804932,-6.947951793670654
1710536228783054561,7.181466102600098,-1.107696533203125,-6.945556640625
1710536228797821794,7.200626373291016,-1.1124866008758545,-6.952741622924805
1710536228831254142,7.18505859375,-1.1100915670394897,-6.944359302520752
1710536228858845623,7.183861255645752,-1.1041040420532227,-6.944359302520752
1710536228894645026,7.182663440704346,-1.1100915670394897,-6.935976505279541
1710536228924094864,7.18984842300415,-1.0957214832305908,-6.937173843383789
1710536228949312036,7.182663440704346,-1.101709008216858,-6.938371658325195
1710536228964170691,7.18505859375,-1.107696533203125,-6.944359302520752
1710536228991309831,7.18026876449585,-1.1148816347122192,-6.939568996429443
1710536229014079738,7.18984842300415,-1.098116397857666,-6.949149131774902
1710536229039547503,7.179070949554443,-1.1064990758895874,-6.945556640625
1710536229054275298,7.188651084899902,-1.1100915670394897,-6.949149131774902
1710536229075091322,7.183861255645752,-1.1064990758895874,-6.941964149475098
1710536229092053009,7.186255931854248,-1.0993139743804932,-6.944359302520752
1710536229121377270,7.188651084899902,-1.093326449394226,-6.937173843383789
1710536229157160278,7.18026876449585,-1.0993139743804932,-6.95034646987915
1710536229173800910,7.188651084899902,-1.1053014993667603,-6.937173843383789
1710536229199067291,7.197033882141113,-1.107696533203125,-6.938371658325195
1710536229224260040,7.183861255645752,-1.128054141998291,-6.933581352233887
1710536229255619289,7.213798999786377,-1.0993139743804932,-6.937173843383789
1710536229272722915,7.18984842300415,-1.0909314155578613,-6.941964149475098
1710536229316870081,7.195836067199707,-1.093326449394226,-6.937173843383789
1710536229348497472,7.194638729095459,-1.1053014993667603,-6.934779167175293
1710536229363103679,7.195836067199707,-1.1041040420532227,-6.94076681137085
1710536229413633652,7.195836067199707,-1.1041040420532227,-6.94076681137085
1710536229455698988,7.188651084899902,-1.1029064655303955,-6.946753978729248
1710536229508171223,7.18984842300415,-1.093326449394226,-6.938371658325195
1710536229527246914,7.192243576049805,-1.1053014993667603,-6.943161487579346
1710536229550152372,7.188651084899902,-1.1100915670394897,-6.947951793670654
1710536229556714105,7.18505859375,-1.1053014993667603,-6.938371658325195
1710536229563259943,7.194638729095459,-1.0897338390350342,-6.932384014129639
1710536229590205775,7.182663440704346,-1.098116397857666,-6.94076681137085
1710536229619375357,7.192243576049805,-1.1112890243530273,-6.949149131774902
1710536229676599603,7.195836067199707,-1.1005114316940308,-6.939568996429443
1710536229695551347,7.18984842300415,-1.093326449394226,-6.939568996429443
1710536229699768147,7.191046237945557,-1.1100915670394897,-6.944359302520752
1710536229729119491,7.194638729095459,-1.092128872871399,-6.947951793670654
1710536229743946816,7.186255931854248,-1.1053014993667603,-6.943161487579346
1710536229760789941,7.18505859375,-1.101709008216858,-6.947951793670654
1710536229779744033,7.194638729095459,-1.1064990758895874,-6.944359302520752
1710536229811241773,7.182663440704346,-1.0957214832305908,-6.946753978729248
1710536229826186081,7.18505859375,-1.1041040420532227,-6.94076681137085
1710536229877077153,7.18984842300415,-1.1088939905166626,-6.937173843383789
1710536229880838875,7.182663440704346,-1.1029064655303955,-6.959926605224609
1710536229895673027,7.183861255645752,-1.1029064655303955,-6.939568996429443
1710536229906175815,7.193441390991211,-1.0969189405441284,-6.931186676025391
1710536229933364213,7.195836067199707,-1.1053014993667603,-6.939568996429443
1710536229973323328,7.18984842300415,-1.098116397857666,-6.938371658325195
1710536230016933397,7.18505859375,-1.113684058189392,-6.941964149475098
1710536230025641291,7.191046237945557,-1.1029064655303955,-6.944359302520752
1710536230046497967,7.182663440704346,-1.1112890243530273,-6.944359302520752
1710536230054841573,7.18984842300415,-1.1064990758895874,-6.941964149475098
1710536230071792947,7.192243576049805,-1.1053014993667603,-6.946753978729248
1710536230082184176,7.18505859375,-1.1112890243530273,-6.94076681137085
1710536230103250588,7.197033882141113,-1.1064990758895874,-6.94076681137085
1710536230118128992,7.186255931854248,-1.1005114316940308,-6.941964149475098
1710536230147625511,7.193441390991211,-1.092128872871399,-6.941964149475098
1710536230160008783,7.194638729095459,-1.0957214832305908,-6.941964149475098
1710536230174769117,7.200626373291016,-1.1088939905166626,-6.949149131774902
1710536230185127470,7.179070949554443,-1.1088939905166626,-6.946753978729248
1710536230193504114,7.205416202545166,-1.1124866008758545,-6.939568996429443
1710536230204088495,7.200626373291016,-1.1053014993667603,-6.945556640625
1710536230239727676,7.18026876449585,-1.1053014993667603,-6.939568996429443
1710536230260961460,7.197033882141113,-1.1029064655303955,-6.934779167175293
1710536230281845421,7.192243576049805,-1.1088939905166626,-6.933581352233887
1710536230336546640,7.169490814208984,-1.1088939905166626,-6.937173843383789
1710536230380871333,7.213798999786377,-1.0885363817214966,-6.949149131774902
1710536230416453099,7.247329235076904,-1.107696533203125,-6.919211387634277
1710536230433305288,7.133565902709961,-1.117276668548584,-6.943161487579346
1710536230456244724,7.198231220245361,-1.1029064655303955,-6.933581352233887
1710536230460817208,7.228168964385986,-1.083746314048767,-6.931186676025391
1710536230477354716,7.18984842300415,-1.093326449394226,-6.927594184875488
1710536230496494933,7.176675796508789,-1.1041040420532227,-6.955136775970459
1710536230511077852,7.179070949554443,-1.1053014993667603,-6.944359302520752
1710536230519353229,7.192243576049805,-1.0957214832305908,-6.943161487579346
1710536230536184811,7.201823711395264,-1.1184741258621216,-6.96830940246582
1710536230563709214,7.191046237945557,-1.1148816347122192,-6.932384014129639
1710536230591089518,7.179070949554443,-1.0969189405441284,-6.95034646987915
1710536230639452857,7.18984842300415,-1.1100915670394897,-6.935976505279541
1710536230669048094,7.188651084899902,-1.1160790920257568,-6.956334114074707
1710536230688033722,7.183861255645752,-1.0993139743804932,-6.945556640625
1710536230726007760,7.188651084899902,-1.1053014993667603,-6.939568996429443
1710536230742854799,7.192243576049805,-1.098116397857666,-6.94076681137085
1710536230755522591,7.183861255645752,-1.1005114316940308,-6.938371658325195
1710536230772291965,7.183861255645752,-1.1100915670394897,-6.939568996429443
1710536230814144442,7.193441390991211,-1.0957214832305908,-6.94076681137085
1710536230919585295,7.182663440704346,-1.107696533203125,-6.941964149475098
1710536230923778113,7.188651084899902,-1.1005114316940308,-6.953939437866211
1710536230940397314,7.188651084899902,-1.1005114316940308,-6.937173843383789
1710536230961382964,7.18026876449585,-1.113684058189392,-6.949149131774902
1710536230967781040,7.18505859375,-1.1064990758895874,-6.935976505279541
1710536230980468699,7.195836067199707,-1.1088939905166626,-6.937173843383789
1710536230991130535,7.181466102600098,-1.0861413478851318,-6.939568996429443
1710536231011727529,7.183861255645752,-1.1112890243530273,-6.934779167175293
1710536231022550711,7.182663440704346,-1.098116397857666,-6.94076681137085
1710536231064317996,7.18026876449585,-1.1100915670394897,-6.943161487579346
1710536231081604375,7.191046237945557,-1.1005114316940308,-6.944359302520752
1710536231094194225,7.182663440704346,-1.1041040420532227,-6.947951793670654
1710536231148551619,7.187453746795654,-1.098116397857666,-6.943161487579346
1710536231159230681,7.216193675994873,-1.1005114316940308,-6.961124420166016
1710536231190446289,7.186255931854248,-1.1112890243530273,-6.941964149475098
1710536231265913234,7.182663440704346,-1.107696533203125,-6.95034646987915
1710536231291110338,7.179070949554443,-1.1112890243530273,-6.939568996429443
1710536231341613916,7.182663440704346,-1.1088939905166626,-6.935976505279541
1710536231387837675,7.197033882141113,-1.0945239067077637,-6.95034646987915
1710536231402344436,7.197033882141113,-1.101709008216858,-6.949149131774902
1710536231411445006,7.181466102600098,-1.1208691596984863,-6.937173843383789
1710536231429779620,7.183861255645752,-1.1100915670394897,-6.94076681137085
1710536231449000607,7.18026876449585,-1.1124866008758545,-6.947951793670654
1710536231459048899,7.186255931854248,-1.1064990758895874,-6.949149131774902
1710536231474118004,7.187453746795654,-1.0993139743804932,-6.934779167175293
1710536231491034886,7.173083305358887,-1.098116397857666,-6.947951793670654
1710536231514975255,7.186255931854248,-1.1029064655303955,-6.937173843383789
1710536231543483729,7.199428558349609,-1.0993139743804932,-6.939568996429443
1710536231570891935,7.197033882141113,-1.1100915670394897,-6.938371658325195
1710536231606413796,7.188651084899902,-1.092128872871399,-6.938371658325195
1710536231636032256,7.183861255645752,-1.1005114316940308,-6.947951793670654
1710536231672075630,7.193441390991211,-1.101709008216858,-6.941964149475098
1710536231686612124,7.183861255645752,-1.1053014993667603,-6.957531929016113
1710536231716143709,7.18505859375,-1.1112890243530273,-6.944359302520752
1710536231722294650,7.204218864440918,-1.1112890243530273,-6.931186676025391
1710536231743229999,7.204218864440918,-1.1112890243530273,-6.931186676025391
1710536231753769413,7.194638729095459,-1.0897338390350342,-6.94076681137085
1710536231766660360,7.18984842300415,-1.0945239067077637,-6.935976505279541
1710536231783275023,7.223379135131836,-1.1005114316940308,-6.943161487579346
1710536231795934170,7.183861255645752,-1.101709008216858,-6.933581352233887
1710536231820970455,7.187453746795654,-1.1112890243530273,-6.938371658325195
1710536231846155957,7.18984842300415,-1.1005114316940308,-6.957531929016113
1710536231869076383,7.187453746795654,-1.0969189405441284,-6.937173843383789
1710536231886164882,7.181466102600098,-1.1029064655303955,-6.935976505279541
1710536231909223871,7.18984842300415,-1.0909314155578613,-6.94076681137085
1710536231940608200,7.203021049499512,-1.0993139743804932,-6.934779167175293
1710536231959476582,7.193441390991211,-1.101709008216858,-6.941964149475098
1710536231974233824,7.176675796508789,-1.1005114316940308,-6.955136775970459
1710536232010320379,7.177873611450195,-1.1088939905166626,-6.947951793670654
1710536232016108310,7.183861255645752,-1.098116397857666,-6.934779167175293
1710536232022386352,7.192243576049805,-1.1112890243530273,-6.953939437866211
1710536232028461235,7.192243576049805,-1.1124866008758545,-6.946753978729248
1710536232051886743,7.198231220245361,-1.1112890243530273,-6.943161487579346
1710536232083285722,7.186255931854248,-1.098116397857666,-6.939568996429443
1710536232115032217,7.18026876449585,-1.1088939905166626,-6.943161487579346
1710536232134097965,7.197033882141113,-1.093326449394226,-6.938371658325195
1710536232180035658,7.186255931854248,-1.113684058189392,-6.962321758270264
1710536232232365762,7.192243576049805,-1.0885363817214966,-6.953939437866211
1710536232245306350,7.193441390991211,-1.098116397857666,-6.925199031829834
1710536232272674443,7.177873611450195,-1.101709008216858,-6.944359302520752
1710536232295699636,7.193441390991211,-1.092128872871399,-6.94076681137085
1710536232314980519,7.179070949554443,-1.0909314155578613,-6.938371658325195
1710536232354698091,7.186255931854248,-1.101709008216858,-6.935976505279541
1710536232409799137,7.210206508636475,-1.1064990758895874,-6.952741622924805
1710536232411320923,7.192243576049805,-1.092128872871399,-6.947951793670654
1710536232440781117,7.187453746795654,-1.093326449394226,-6.943161487579346
1710536232459850572,7.182663440704346,-1.1005114316940308,-6.949149131774902
1710536232474523147,7.177873611450195,-1.1005114316940308,-6.944359302520752
1710536232501692969,7.197033882141113,-1.1029064655303955,-6.944359302520752
1710536232512223095,7.18984842300415,-1.101709008216858,-6.945556640625
1710536232533310879,7.183861255645752,-1.1064990758895874,-6.939568996429443
1710536232577230059,7.187453746795654,-1.1053014993667603,-6.943161487579346
1710536232592167164,7.174281120300293,-1.093326449394226,-6.943161487579346
1710536232610575972,7.191046237945557,-1.1064990758895874,-6.94076681137085
1710536232648724338,7.194638729095459,-1.107696533203125,-6.935976505279541
1710536232663426158,7.183861255645752,-1.1088939905166626,-6.935976505279541
1710536232684627742,7.18984842300415,-1.1005114316940308,-6.938371658325195
1710536232705499230,7.186255931854248,-1.107696533203125,-6.937173843383789
1710536232736924313,7.18026876449585,-1.1112890243530273,-6.956334114074707
1710536232741169846,7.183861255645752,-1.0945239067077637,-6.947951793670654
1710536232751781663,7.191046237945557,-1.1005114316940308,-6.949149131774902
1710536232774773471,7.183861255645752,-1.0993139743804932,-6.945556640625
1710536232809627305,7.193441390991211,-1.1041040420532227,-6.935976505279541
1710536232827742827,7.198231220245361,-1.0945239067077637,-6.941964149475098
1710536232850147309,7.18984842300415,-1.1100915670394897,-6.943161487579346
1710536232883713910,7.188651084899902,-1.1088939905166626,-6.938371658325195
1710536232898598064,7.194638729095459,-1.0993139743804932,-6.951544284820557
1710536232917480693,7.188651084899902,-1.1053014993667603,-6.941964149475098
1710536232944792799,7.18984842300415,-1.0945239067077637,-6.934779167175293
1710536232963520635,7.197033882141113,-1.1100915670394897,-6.945556640625
1710536232976375860,7.183861255645752,-1.1064990758895874,-6.944359302520752
1710536232982510311,7.183861255645752,-1.1064990758895874,-6.944359302520752
1710536233014177718,7.200626373291016,-1.1053014993667603,-6.957531929016113
1710536233031151291,7.195836067199707,-1.0957214832305908,-6.944359302520752
1710536233089896291,7.192243576049805,-1.0957214832305908,-6.943161487579346
1710536233094098957,7.200626373291016,-1.1005114316940308,-6.962321758270264
1710536233113884961,7.197033882141113,-1.107696533203125,-6.949149131774902
1710536233133909036,7.191046237945557,-1.1064990758895874,-6.943161487579346
1710536233186567265,7.181466102600098,-1.1005114316940308,-6.941964149475098
1710536233192923680,7.192243576049805,-1.1053014993667603,-6.937173843383789
1710536233213876499,7.193441390991211,-1.0969189405441284,-6.946753978729248
1710536233260255487,7.18984842300415,-1.1005114316940308,-6.938371658325195
1710536233317164537,7.183861255645752,-1.1053014993667603,-6.943161487579346
1710536233363245075,7.200626373291016,-1.1053014993667603,-6.943161487579346
1710536233411879256,7.182663440704346,-1.0957214832305908,-6.941964149475098
1710536233424100853,7.192243576049805,-1.1088939905166626,-6.933581352233887
1710536233464389350,7.18505859375,-1.1053014993667603,-6.941964149475098
1710536233478912085,7.198231220245361,-1.098116397857666,-6.924001693725586
1710536233537975430,7.197033882141113,-1.0993139743804932,-6.939568996429443
1710536233565035477,7.181466102600098,-1.1053014993667603,-6.941964149475098
1710536233610968020,7.18984842300415,-1.1124866008758545,-6.946753978729248
1710536233647282179,7.195836067199707,-1.1029064655303955,-6.945556640625
1710536233678539812,7.186255931854248,-1.1053014993667603,-6.937173843383789
1710536233703979634,7.204218864440918,-1.0957214832305908,-6.944359302520752
1710536233718709885,7.182663440704346,-1.1041040420532227,-6.946753978729248
1710536233735446547,7.198231220245361,-1.1184741258621216,-6.935976505279541
1710536233777369828,7.195836067199707,-1.093326449394226,-6.932384014129639
1710536233810797478,7.188651084899902,-1.1053014993667603,-6.943161487579346
1710536233838572493,7.176675796508789,-1.1064990758895874,-6.939568996429443
1710536233870023205,7.181466102600098,-1.1112890243530273,-6.935976505279541
1710536233913929110,7.188651084899902,-1.1184741258621216,-6.921606540679932
1710536233935280646,7.187453746795654,-1.0813512802124023,-6.939568996429443
1710536233970884080,7.193441390991211,-1.083746314048767,-6.933581352233887
1710536234029893099,7.181466102600098,-1.1100915670394897,-6.95034646987915
1710536234078204285,7.177873611450195,-1.101709008216858,-6.953939437866211
1710536234101333718,7.194638729095459,-1.1053014993667603,-6.913223743438721
1710536234118103202,7.198231220245361,-1.1053014993667603,-6.939568996429443
1710536234126508584,7.197033882141113,-1.0861413478851318,-6.945556640625
1710536234139097778,7.199428558349609,-1.113684058189392,-6.949149131774902
1710536234161992996,7.18505859375,-1.1148816347122192,-6.943161487579346
1710536234185109463,7.18505859375,-1.1100915670394897,-6.938371658325195
1710536234189359206,7.212601184844971,-1.0909314155578613,-6.934779167175293
1710536234212165901,7.18026876449585,-1.0969189405441284,-6.949149131774902
1710536234235787294,7.176675796508789,-1.1005114316940308,-6.94076681137085
1710536234260631253,7.18505859375,-1.1029064655303955,-6.94076681137085
1710536234281921249,7.197033882141113,-1.0969189405441284,-6.92280387878418
1710536234290119544,7.206613540649414,-1.0801538228988647,-6.909631252288818
1710536234313230712,7.209008693695068,-1.0861413478851318,-6.941964149475098
1710536234355442247,7.18984842300415,-1.0861413478851318,-6.937173843383789
1710536234391108628,7.199428558349609,-1.1053014993667603,-6.937173843383789
1710536234411120579,7.194638729095459,-1.0849438905715942,-6.939568996429443
1710536234428816264,7.194638729095459,-1.098116397857666,-6.926396369934082
1710536234510936471,7.203021049499512,-1.0969189405441284,-6.931186676025391
1710536234517029654,7.194638729095459,-1.098116397857666,-6.919211387634277
1710536234550685982,7.195836067199707,-1.1041040420532227,-6.946753978729248
1710536234601016746,7.195836067199707,-1.0945239067077637,-6.94076681137085
1710536234615621145,7.198231220245361,-1.0813512802124023,-6.921606540679932
1710536234621840436,7.18505859375,-1.1112890243530273,-6.921606540679932
1710536234639231545,7.200626373291016,-1.1160790920257568,-6.941964149475098
1710536234661752609,7.186255931854248,-1.101709008216858,-6.926396369934082
1710536234680731629,7.193441390991211,-1.1148816347122192,-6.938371658325195
1710536234714604510,7.182663440704346,-1.1029064655303955,-6.938371658325195
1710536234718742764,7.204218864440918,-1.0969189405441284,-6.934779167175293
1710536234724988271,7.204218864440918,-1.1088939905166626,-6.94076681137085
1710536234767141264,7.188651084899902,-1.0969189405441284,-6.941964149475098
1710536234775700686,7.193441390991211,-1.1160790920257568,-6.939568996429443
1710536234796656451,7.18984842300415,-1.122066617012024,-6.941964149475098
1710536234809026078,7.193441390991211,-1.1064990758895874,-6.938371658325195
1710536234821502768,7.209008693695068,-1.0993139743804932,-6.947951793670654
1710536234838570439,7.187453746795654,-1.0849438905715942,-6.939568996429443
1710536234887232094,7.20781135559082,-1.1256592273712158,-6.935976505279541
1710536234906036292,7.179070949554443,-1.101709008216858,-6.927594184875488
1710536234916903451,7.200626373291016,-1.1184741258621216,-6.934779167175293
1710536234935377115,7.188651084899902,-1.1041040420532227,-6.929988861083984
1710536234962749533,7.186255931854248,-1.1160790920257568,-6.946753978729248
1710536234977431977,7.192243576049805,-1.1124866008758545,-6.95034646987915
1710536234992297545,7.183861255645752,-1.101709008216858,-6.934779167175293
1710536235023717870,7.181466102600098,-1.092128872871399,-6.94076681137085
1710536235049153999,7.198231220245361,-1.093326449394226,-6.937173843383789
1710536235063923052,7.183861255645752,-1.1041040420532227,-6.931186676025391
1710536235086959604,7.188651084899902,-1.098116397857666,-6.938371658325195
1710536235103836321,7.204218864440918,-1.1064990758895874,-6.938371658325195
1710536235122837980,7.192243576049805,-1.1100915670394897,-6.952741622924805
1710536235141760410,7.177873611450195,-1.1124866008758545,-6.931186676025391
1710536235154359728,7.186255931854248,-1.1064990758895874,-6.939568996429443
1710536235164747019,7.179070949554443,-1.1100915670394897,-6.943161487579346
1710536235183721909,7.197033882141113,-1.1124866008758545,-6.937173843383789
1710536235210968626,7.186255931854248,-1.1124866008758545,-6.94076681137085
1710536235227853055,7.191046237945557,-1.0993139743804932,-6.937173843383789
1710536235276260186,7.182663440704346,-1.1124866008758545,-6.925199031829834
1710536235301374285,7.181466102600098,-1.107696533203125,-6.94076681137085
1710536235326774503,7.200626373291016,-1.1041040420532227,-6.934779167175293
1710536235398195841,7.183861255645752,-1.1064990758895874,-6.947951793670654
1710536235420989331,7.188651084899902,-1.0909314155578613,-6.925199031829834
1710536235471652057,7.177873611450195,-1.1112890243530273,-6.931186676025391
1710536235496952398,7.209008693695068,-1.1148816347122192,-6.946753978729248
1710536235520226618,7.205416202545166,-1.098116397857666,-6.939568996429443
1710536235526435241,7.191046237945557,-1.098116397857666,-6.939568996429443
1710536235541236202,7.194638729095459,-1.1160790920257568,-6.949149131774902
1710536235553808973,7.192243576049805,-1.113684058189392,-6.953939437866211
1710536235574700502,7.193441390991211,-1.107696533203125,-6.934779167175293
1710536235580861959,7.187453746795654,-1.0945239067077637,-6.929988861083984
1710536235613131675,7.182663440704346,-1.1053014993667603,-6.925199031829834
1710536235642045407,7.192243576049805,-1.0885363817214966,-6.934779167175293
1710536235658847474,7.199428558349609,-1.107696533203125,-6.957531929016113
1710536235679804540,7.194638729095459,-1.0969189405441284,-6.947951793670654
1710536235696948858,7.199428558349609,-1.1088939905166626,-6.929988861083984
1710536235711209378,7.214996337890625,-1.1029064655303955,-6.932384014129639
1710536235730103339,7.18984842300415,-1.1041040420532227,-6.945556640625
1710536235747228817,7.199428558349609,-1.1029064655303955,-6.935976505279541
1710536235811344342,7.188651084899902,-1.0801538228988647,-6.945556640625
1710536235816405631,7.198231220245361,-1.0789562463760376,-6.943161487579346
1710536235833366297,7.191046237945557,-1.0969189405441284,-6.944359302520752
1710536235839603610,7.197033882141113,-1.1029064655303955,-6.945556640625
1710536235869242688,7.18984842300415,-1.1196715831756592,-6.947951793670654
1710536235924073771,7.187453746795654,-1.1064990758895874,-6.943161487579346
1710536235953303533,7.193441390991211,-1.0861413478851318,-6.925199031829834
1710536235976542445,7.197033882141113,-1.0849438905715942,-6.941964149475098
1710536235986897340,7.187453746795654,-1.1196715831756592,-6.955136775970459
1710536235999492315,7.201823711395264,-1.1160790920257568,-6.945556640625
1710536236024885854,7.203021049499512,-1.1100915670394897,-6.941964149475098
1710536236035122316,7.201823711395264,-1.0885363817214966,-6.961124420166016
1710536236052154912,7.193441390991211,-1.0885363817214966,-6.953939437866211
1710536236060896242,7.192243576049805,-1.107696533203125,-6.943161487579346
1710536236074969818,7.191046237945557,-1.107696533203125,-6.938371658325195
1710536236125773318,7.204218864440918,-1.0957214832305908,-6.955136775970459
1710536236140373850,7.18505859375,-1.122066617012024,-6.947951793670654
1710536236212049583,7.193441390991211,-1.113684058189392,-6.939568996429443
1710536236239916792,7.209008693695068,-1.092128872871399,-6.945556640625
1710536236258047157,7.187453746795654,-1.0957214832305908,-6.94076681137085
1710536236291722310,7.188651084899902,-1.1112890243530273,-6.943161487579346
1710536236304275738,7.193441390991211,-1.1041040420532227,-6.945556640625
1710536236327561709,7.187453746795654,-1.1088939905166626,-6.956334114074707
1710536236338089638,7.200626373291016,-1.1053014993667603,-6.949149131774902
1710536236380228826,7.200626373291016,-1.092128872871399,-6.953939437866211
1710536236428253908,7.200626373291016,-1.107696533203125,-6.944359302520752
1710536236487288251,7.188651084899902,-1.0861413478851318,-6.945556640625
1710536236557053567,7.20781135559082,-1.093326449394226,-6.926396369934082
1710536236563373114,7.191046237945557,-1.0897338390350342,-6.919211387634277
1710536236569591380,7.210206508636475,-1.123264193534851,-6.938371658325195
1710536236612266591,7.193441390991211,-1.1184741258621216,-6.947951793670654
1710536236612727773,7.20781135559082,-1.087338924407959,-6.95034646987915
1710536236615675064,7.20781135559082,-1.0861413478851318,-6.952741622924805
1710536236645116752,7.194638729095459,-1.0909314155578613,-6.912026405334473
1710536236659949427,7.200626373291016,-1.1041040420532227,-6.977889537811279
1710536236704057391,7.201823711395264,-1.128054141998291,-6.944359302520752
1710536236727060248,7.198231220245361,-1.1352392435073853,-6.933581352233887
1710536236748179279,7.193441390991211,-1.0825488567352295,-6.933581352233887
1710536236765768152,7.183861255645752,-1.1148816347122192,-6.901248931884766
1710536236804580179,7.205416202545166,-1.0993139743804932,-6.913223743438721
1710536236823771876,7.194638729095459,-1.0825488567352295,-6.943161487579346
1710536236870062965,7.188651084899902,-1.0897338390350342,-6.98267936706543
1710536236876198031,7.182663440704346,-1.0657837390899658,-6.955136775970459
1710536236893046028,7.173083305358887,-1.1256592273712158,-6.951544284820557
1710536236910074277,7.195836067199707,-1.092128872871399,-6.945556640625
1710536236954155570,7.197033882141113,-1.1005114316940308,-6.962321758270264
1710536236962672833,7.205416202545166,-1.0550061464309692,-6.970704555511475
1710536236971657143,7.205416202545166,-1.098116397857666,-6.941964149475098
1710536237000330637,7.206613540649414,-1.0945239067077637,-6.842570781707764
1710536237012788381,7.197033882141113,-1.0729687213897705,-6.902446269989014
1710536237082334663,7.205416202545166,-1.0789562463760376,-6.912026405334473
1710536237093039254,7.188651084899902,-1.128054141998291,-6.986271858215332
1710536237149383200,7.18026876449585,-1.123264193534851,-7.007827281951904
1710536237176845226,7.18984842300415,-1.1100915670394897,-6.979086875915527
1710536237197641648,7.217391490936279,-1.062191128730774,-6.935976505279541
1710536237220676558,7.212601184844971,-1.062191128730774,-6.957531929016113
1710536237281927285,7.205416202545166,-1.0945239067077637,-6.916816234588623
1710536237301155324,7.214996337890625,-1.187929630279541,-6.932384014129639
1710536237311337609,7.18026876449585,-1.0430309772491455,-6.949149131774902
1710536237324203148,7.20781135559082,-1.0442285537719727,-6.94076681137085
1710536237347200761,7.204218864440918,-1.0394384860992432,-6.991062164306641
1710536237359915194,7.173083305358887,-1.0394384860992432,-6.961124420166016
1710536237378893209,7.216193675994873,-1.0849438905715942,-6.920408725738525
1710536237385008242,7.181466102600098,-1.093326449394226,-6.920408725738525
1710536237413557975,7.186255931854248,-1.153201937675476,-6.944359302520752
1710536237495056291,7.197033882141113,-1.13763427734375,-6.935976505279541
1710536237524084000,7.201823711395264,-1.0813512802124023,-6.949149131774902
1710536237543072626,7.186255931854248,-1.2046948671340942,-6.904841423034668
1710536237578454447,7.205416202545166,-1.1088939905166626,-6.95034646987915
1710536237595463596,7.194638729095459,-1.1400293111801147,-6.947951793670654
1710536237610450228,7.200626373291016,-1.152004361152649,-6.979086875915527
1710536237620391069,7.20781135559082,-1.0669811964035034,-6.924001693725586
1710536237723340463,7.206613540649414,-1.1124866008758545,-6.952741622924805
1710536237744372143,7.18984842300415,-1.0885363817214966,-6.921606540679932
1710536237759258860,7.201823711395264,-1.113684058189392,-6.929988861083984
1710536237763476108,7.204218864440918,-1.0729687213897705,-6.945556640625
1710536237799147791,7.206613540649414,-1.1064990758895874,-6.949149131774902
1710536237813920731,7.206613540649414,-1.041833519935608,-6.934779167175293
1710536237837080677,7.182663440704346,-1.0765613317489624,-6.997049331665039
1710536237851863009,7.206613540649414,-1.1448193788528442,-6.976691722869873
1710536237898746349,7.211403846740723,-1.1304491758346558,-6.90843391418457
1710536237916957642,7.20781135559082,-1.123264193534851,-6.939568996429443
1710536237933830217,7.181466102600098,-1.071771264076233,-6.96830940246582
1710536237944219820,7.210206508636475,-1.1041040420532227,-6.963519096374512
1710536237956926431,7.179070949554443,-1.093326449394226,-6.980284214019775
1710536237969477938,7.213798999786377,-1.1663745641708374,-6.956334114074707
1710536237988255365,7.183861255645752,-1.0825488567352295,-6.957531929016113
1710536238013515055,7.203021049499512,-1.1555969715118408,-6.975494384765625
1710536238022049382,7.217391490936279,-1.1304491758346558,-6.912026405334473
1710536238047134926,7.212601184844971,-1.0466235876083374,-6.949149131774902
1710536238053304350,7.173083305358887,-1.062191128730774,-6.969506740570068
1710536238066308585,7.206613540649414,-1.098116397857666,-6.95034646987915
1710536238074576188,7.175478458404541,-1.098116397857666,-6.901248931884766
1710536238080731295,7.226971626281738,-1.1508069038391113,-6.901248931884766
1710536238110279155,7.223379135131836,-1.1053014993667603,-6.879693508148193
1710536238173195625,7.203021049499512,-1.0957214832305908,-6.916816234588623
1710536238234076941,7.199428558349609,-1.1041040420532227,-6.946753978729248
1710536238271983195,7.176675796508789,-1.0406359434127808,-6.973099231719971
1710536238303537045,7.213798999786377,-1.0490185022354126,-6.953939437866211
1710536238326958739,7.220983982086182,-1.1603869199752808,-6.909631252288818
1710536238423924530,7.192243576049805,-1.128054141998291,-6.90843391418457
1710536238432017999,7.211403846740723,-1.1256592273712158,-6.898853778839111
1710536238474174041,7.220983982086182,-1.0789562463760376,-6.944359302520752
1710536238482485354,7.209008693695068,-1.107696533203125,-6.941964149475098
1710536238499389111,7.210206508636475,-1.093326449394226,-6.909631252288818
1710536238505490874,7.20781135559082,-1.0741662979125977,-6.921606540679932
1710536238520190146,7.194638729095459,-1.1053014993667603,-6.945556640625
1710536238549310314,7.209008693695068,-1.0885363817214966,-6.939568996429443
1710536238577068776,7.219786167144775,-1.131646752357483,-6.941964149475098
1710536238618836280,7.20781135559082,-1.0849438905715942,-6.897656440734863
1710536238623025504,7.195836067199707,-1.087338924407959,-6.902446269989014
1710536238640005321,7.198231220245361,-1.1041040420532227,-6.962321758270264
1710536238659148025,7.199428558349609,-1.083746314048767,-6.927594184875488
1710536238684264681,7.201823711395264,-1.0777587890625,-6.967111587524414
1710536238711601752,7.200626373291016,-1.0777587890625,-6.967111587524414
1710536238743191362,7.205416202545166,-1.0861413478851318,-6.971901893615723
1710536238760142359,7.203021049499512,-1.0514135360717773,-6.958729267120361
1710536238768396246,7.210206508636475,-1.0454260110855103,-6.958729267120361
1710536238783108504,7.195836067199707,-1.053808569908142,-6.96830940246582
1710536238833463144,7.197033882141113,-1.1412267684936523,-6.953939437866211
1710536238846257660,7.204218864440918,-1.1328442096710205,-6.958729267120361
1710536238886245800,7.213798999786377,-1.0849438905715942,-6.877298355102539
1710536238903485174,7.198231220245361,-1.0861413478851318,-6.95034646987915
1710536238907166055,7.194638729095459,-0.999920666217804,-6.970704555511475
1710536238919956438,7.195836067199707,-1.0825488567352295,-6.971901893615723
1710536238959925642,7.219786167144775,-1.0861413478851318,-6.941964149475098
1710536238966121125,7.192243576049805,-1.0957214832305908,-6.909631252288818
1710536238985104057,7.177873611450195,-1.0849438905715942,-6.96830940246582
1710536239022940720,7.186255931854248,-1.173559546470642,-6.938371658325195
1710536239086197431,7.182663440704346,-1.0909314155578613,-6.947951793670654
1710536239132653207,7.217391490936279,-1.1196715831756592,-6.912026405334473
1710536239172318864,7.194638729095459,-1.1064990758895874,-6.906038761138916
1710536239201923430,7.198231220245361,-1.1256592273712158,-6.919211387634277
1710536239269119919,7.209008693695068,-1.123264193534851,-6.921606540679932
1710536239281490405,7.205416202545166,-1.0969189405441284,-6.944359302520752
1710536239306833785,7.193441390991211,-1.0885363817214966,-6.959926605224609
1710536239363618514,7.206613540649414,-1.071771264076233,-6.951544284820557
1710536239367751188,7.212601184844971,-1.13763427734375,-6.949149131774902
1710536239388857130,7.229366302490234,-1.1268566846847534,-6.939568996429443
1710536239428799522,7.201823711395264,-1.053808569908142,-6.965914249420166
1710536239434952409,7.223379135131836,-1.0801538228988647,-6.946753978729248
1710536239464462789,7.213798999786377,-1.147214412689209,-6.859335899353027
1710536239517082405,7.225773811340332,-1.0957214832305908,-6.897656440734863
1710536239555034599,7.230564117431641,-1.1591894626617432,-6.841373443603516
1710536239584467859,7.211403846740723,-1.0993139743804932,-6.8904709815979
1710536239622221281,7.223379135131836,-1.0789562463760376,-6.910829067230225
1710536239626486597,7.186255931854248,-1.1352392435073853,-6.970704555511475
1710536239654041662,7.206613540649414,-1.177152156829834,-6.921606540679932
1710536239668739288,7.212601184844971,-1.1196715831756592,-6.918014049530029
1710536239687472583,7.213798999786377,-1.041833519935608,-6.998247146606445
1710536239710499812,7.229366302490234,-1.1160790920257568,-7.009024620056152
1710536239735569771,7.235353946685791,-1.107696533203125,-6.933581352233887
1710536239761101540,7.199428558349609,-1.0753637552261353,-7.029382228851318
1710536239779870208,7.194638729095459,-1.1364368200302124,-6.989864349365234
1710536239796641649,7.200626373291016,-1.063388705253601,-6.928791522979736
1710536239824150946,7.205416202545166,-0.9987231492996216,-6.957531929016113
1710536239861706668,7.217391490936279,-1.1160790920257568,-6.915618896484375
1710536239931577275,7.216193675994873,-1.1256592273712158,-6.898853778839111
1710536239964595492,7.209008693695068,-1.0657837390899658,-6.944359302520752
1710536240010192118,7.187453746795654,-1.0957214832305908,-6.945556640625
1710536240023468886,7.20781135559082,-1.173559546470642,-6.933581352233887
1710536240044117928,7.211403846740723,-1.1029064655303955,-6.895261287689209
1710536240069775057,7.225773811340332,-1.0957214832305908,-6.888076305389404
1710536240097787547,7.205416202545166,-1.1292517185211182,-6.943161487579346
1710536240115918488,7.210206508636475,-1.1029064655303955,-6.995851993560791
1710536240153788745,7.18505859375,-1.1148816347122192,-6.933581352233887
1710536240172666582,7.220983982086182,-1.032253384590149,-6.955136775970459
1710536240197970371,7.192243576049805,-1.1699670553207397,-6.94076681137085
1710536240212495085,7.214996337890625,-1.0214757919311523,-6.931186676025391
1710536240237525563,7.231761455535889,-1.1100915670394897,-6.956334114074707
1710536240258855524,7.219786167144775,-1.1543993949890137,-6.956334114074707
1710536240347197727,7.241341590881348,-1.01788330078125,-6.886878490447998
1710536240378899429,7.212601184844971,-1.0562036037445068,-6.983877182006836
1710536240395701383,7.201823711395264,-1.0969189405441284,-7.02818489074707
1710536240424923475,7.218588829040527,-1.0825488567352295,-7.0102219581604
1710536240429007528,7.198231220245361,-1.0526111125946045,-7.007827281951904
1710536240452163639,7.18026876449585,-1.1747571229934692,-6.933581352233887
1710536240477429730,7.155120849609375,-1.0262658596038818,-6.943161487579346
1710536240482023580,7.218588829040527,-0.9663903713226318,-6.916816234588623
1710536240515262408,7.2497239112854,-1.1603869199752808,-6.956334114074707
1710536240567936122,7.231761455535889,-1.107696533203125,-6.932384014129639
1710536240576309240,7.22218132019043,-1.057401180267334,-6.949149131774902
1710536240593326388,7.212601184844971,-1.1292517185211182,-6.904841423034668
1710536240601417790,7.20781135559082,-1.0801538228988647,-6.925199031829834
1710536240613892738,7.18026876449585,-1.027463436126709,-6.945556640625
1710536240639557093,7.182663440704346,-1.0609936714172363,-7.012617111206055
1710536240648092477,7.204218864440918,-1.038240909576416,-6.999444484710693
1710536240700336652,7.214996337890625,-1.181942105293274,-6.999444484710693
1710536240731703551,7.18026876449585,-1.1663745641708374,-6.943161487579346
1710536240788491947,7.209008693695068,-1.113684058189392,-6.971901893615723
1710536240813542736,7.225773811340332,-1.187929630279541,-6.92280387878418
1710536240838992856,7.235353946685791,-1.0945239067077637,-6.883285999298096
1710536240855694104,7.210206508636475,-1.0286608934402466,-6.90843391418457
1710536240904205011,7.216193675994873,-1.1124866008758545,-6.933581352233887
1710536240906168466,7.229366302490234,-1.1112890243530273,-6.973099231719971
1710536240914668994,7.213798999786377,-1.2011022567749023,-6.95034646987915
1710536240939780418,7.209008693695068,-1.1627819538116455,-6.927594184875488
1710536240962624516,7.219786167144775,-1.1064990758895874,-6.973099231719971
1710536240973256178,7.22218132019043,-0.9927356243133545,-7.0006422996521
1710536240979530868,7.183861255645752,-1.1340417861938477,-6.973099231719971
1710536240998337668,7.216193675994873,-1.032253384590149,-6.921606540679932
1710536241025948631,7.203021049499512,-1.002315640449524,-6.938371658325195
1710536241049016761,7.260501861572266,-1.1412267684936523,-6.955136775970459
1710536241059367486,7.217391490936279,-1.0454260110855103,-7.0102219581604
1710536241128658830,7.223379135131836,-1.1148816347122192,-6.998247146606445
1710536241154063925,7.181466102600098,-1.0466235876083374,-6.90843391418457
1710536241162274842,7.209008693695068,-1.0645861625671387,-6.900051116943359
1710536241175073488,7.203021049499512,-1.1196715831756592,-6.946753978729248
1710536241202389405,7.216193675994873,-1.1747571229934692,-6.914421558380127
1710536241211778557,7.211403846740723,-1.1939172744750977,-6.957531929016113
1710536241229787303,7.228168964385986,-1.1460168361663818,-6.970704555511475
1710536241347247538,7.22218132019043,-1.0957214832305908,-6.931186676025391
1710536241372681738,7.195836067199707,-1.083746314048767,-6.945556640625
1710536241418955140,7.213798999786377,-1.0562036037445068,-6.928791522979736
1710536241471445373,7.203021049499512,-1.0645861625671387,-6.989864349365234
1710536241496952865,7.210206508636475,-1.063388705253601,-6.952741622924805
1710536241603679701,7.206613540649414,-1.0753637552261353,-6.975494384765625
1710536241613844572,7.214996337890625,-1.1005114316940308,-6.974297046661377
1710536241636906826,7.197033882141113,-1.0597960948944092,-6.938371658325195
1710536241746216096,7.200626373291016,-1.1244616508483887,-6.918014049530029
1710536241771477562,7.205416202545166,-1.128054141998291,-6.986271858215332
1710536241810458286,7.18984842300415,-1.0885363817214966,-6.956334114074707
1710536241828298761,7.181466102600098,-1.0514135360717773,-6.903643608093262
1710536241834611572,7.197033882141113,-1.1460168361663818,-6.927594184875488
1710536241883085536,7.210206508636475,-1.1747571229934692,-6.937173843383789
1710536241887110189,7.217391490936279,-1.1448193788528442,-6.955136775970459
1710536241908327178,7.205416202545166,-1.0562036037445068,-6.967111587524414
1710536241931314865,7.20781135559082,-1.0645861625671387,-6.937173843383789
1710536241943919349,7.223379135131836,-1.0849438905715942,-6.906038761138916
1710536241954437647,7.206613540649414,-1.1460168361663818,-6.933581352233887
1710536241979508922,7.211403846740723,-1.1328442096710205,-6.939568996429443
1710536242011631673,7.209008693695068,-1.1484118700027466,-7.00543212890625
1710536242076261569,7.18984842300415,-1.0514135360717773,-6.983877182006836
1710536242099273230,7.194638729095459,-1.0765613317489624,-6.951544284820557
1710536242112024310,7.200626373291016,-1.122066617012024,-6.943161487579346
1710536242147723325,7.211403846740723,-1.1328442096710205,-6.927594184875488
1710536242149703477,7.217391490936279,-1.1328442096710205,-6.910829067230225
1710536242196208386,7.195836067199707,-1.071771264076233,-6.931186676025391
1710536242210842095,7.187453746795654,-1.1053014993667603,-6.967111587524414
1710536242225549977,7.191046237945557,-1.117276668548584,-6.951544284820557
1710536242294760916,7.198231220245361,-1.0789562463760376,-6.947951793670654
1710536242330766124,7.182663440704346,-1.0813512802124023,-6.965914249420166
1710536242349531810,7.192243576049805,-1.1053014993667603,-6.977889537811279
1710536242385216905,7.22218132019043,-1.101709008216858,-6.927594184875488
1710536242427257185,7.20781135559082,-1.1256592273712158,-6.98267936706543
1710536242446384766,7.197033882141113,-1.1088939905166626,-6.939568996429443
1710536242505099482,7.195836067199707,-1.0502160787582397,-6.903643608093262
1710536242547147062,7.203021049499512,-1.1567944288253784,-6.967111587524414
1710536242574588956,7.195836067199707,-1.0562036037445068,-6.973099231719971
1710536242587313697,7.198231220245361,-1.011895775794983,-6.956334114074707
1710536242618495100,7.214996337890625,-1.0789562463760376,-6.934779167175293
1710536242677624136,7.188651084899902,-1.1041040420532227,-6.985074520111084
1710536242694585134,7.211403846740723,-1.0645861625671387,-6.974297046661377
1710536242715451877,7.210206508636475,-1.0909314155578613,-6.95034646987915
1710536242730158353,7.20781135559082,-1.087338924407959,-6.931186676025391
1710536242757480709,7.192243576049805,-1.0777587890625,-6.925199031829834
1710536242770187090,7.193441390991211,-1.1783496141433716,-6.897656440734863
1710536242782723490,7.212601184844971,-1.1567944288253784,-6.86292839050293
1710536242795470536,7.212601184844971,-1.1567944288253784,-6.906038761138916
1710536242811664497,7.216193675994873,-1.063388705253601,-6.995851993560791
1710536242831112353,7.216193675994873,-1.092128872871399,-6.994654655456543
1710536242875243386,7.191046237945557,-1.0442285537719727,-6.985074520111084
1710536242896452348,7.188651084899902,-1.0741662979125977,-6.985074520111084
1710536242915221159,7.199428558349609,-1.0130932331085205,-6.979086875915527
1710536242936353115,7.204218864440918,-1.1687694787979126,-6.986271858215332
1710536242953149503,7.253316879272461,-1.1292517185211182,-6.914421558380127
1710536242978290843,7.146738052368164,-1.041833519935608,-6.973099231719971
1710536243001194461,7.170688629150391,-1.023870825767517,-7.034172534942627
1710536243013752312,7.211403846740723,-1.0106981992721558,-6.939568996429443
1710536243024343893,7.199428558349609,-1.011895775794983,-6.915618896484375
1710536243043252758,7.168293476104736,-1.1124866008758545,-6.943161487579346
1710536243083276272,7.2401442527771,-1.1687694787979126,-6.872508525848389
1710536243089436338,7.193441390991211,-1.1496093273162842,-6.933581352233887
1710536243106275173,7.214996337890625,-1.207089900970459,-6.945556640625
1710536243116939714,7.228168964385986,-1.153201937675476,-6.974297046661377
1710536243137851829,7.159910678863525,-0.8909472823143005,-7.019802093505859
1710536243160824286,7.20781135559082,-1.0957214832305908,-6.927594184875488
1710536243177696131,7.186255931854248,-1.1699670553207397,-6.939568996429443
1710536243186049468,7.20781135559082,-1.1663745641708374,-6.939568996429443
1710536243198779178,7.210206508636475,-1.153201937675476,-6.941964149475098
1710536243230820380,7.192243576049805,-1.123264193534851,-6.957531929016113
1710536243263641750,7.209008693695068,-1.1124866008758545,-6.931186676025391
1710536243280672316,7.230564117431641,-1.1029064655303955,-6.921606540679932
1710536243316413463,7.204218864440918,-1.128054141998291,-6.959926605224609
1710536243345732611,7.214996337890625,-1.1112890243530273,-6.892866134643555
1710536243366754705,7.18505859375,-1.0861413478851318,-6.906038761138916
1710536243385456270,7.199428558349609,-1.0813512802124023,-6.919211387634277
1710536243430555601,7.179070949554443,-1.1100915670394897,-6.958729267120361
1710536243457817339,7.179070949554443,-1.0406359434127808,-6.961124420166016
1710536243490789443,7.211403846740723,-1.1987072229385376,-6.877298355102539
1710536243513772067,7.231761455535889,-1.1903246641159058,-6.865323543548584
1710536243560222569,7.155120849609375,-1.0849438905715942,-6.997049331665039
1710536243589547536,7.188651084899902,-1.083746314048767,-6.951544284820557
1710536243619059670,7.171885967254639,-1.063388705253601,-6.991062164306641
1710536243646305878,7.177873611450195,-1.143621802330017,-6.949149131774902
1710536243675659753,7.198231220245361,-1.0777587890625,-7.004234790802002
1710536243682152294,7.20781135559082,-0.8753796219825745,-6.963519096374512
1710536243701106397,7.22218132019043,-0.8646020293235779,-6.970704555511475
1710536243745112093,7.213798999786377,-1.2789404392242432,-6.952741622924805
1710536243764121466,7.258106708526611,-0.9831554889678955,-6.969506740570068
1710536243776801106,7.204218864440918,-1.113684058189392,-6.957531929016113
1710536243797899533,7.198231220245361,-1.13763427734375,-6.894063949584961
1710536243811894607,7.20781135559082,-1.0945239067077637,-6.918014049530029
1710536243833597998,7.182663440704346,-1.0514135360717773,-6.992259502410889
1710536243848195948,7.18026876449585,-1.057401180267334,-6.931186676025391
1710536243856879610,7.18505859375,-1.1603869199752808,-6.897656440734863
1710536243886150993,7.200626373291016,-1.1855347156524658,-6.831793308258057
1710536243902994996,7.192243576049805,-1.087338924407959,-6.991062164306641
1710536243917577506,7.201823711395264,-1.057401180267334,-7.001839637756348
1710536243946902708,7.200626373291016,-1.2190649509429932,-6.937173843383789
1710536243968169291,7.22218132019043,-1.167572021484375,-6.988667011260986
1710536243989216324,7.286847114562988,-1.1496093273162842,-6.903643608093262
1710536244010181351,7.171885967254639,-1.0693762302398682,-6.937173843383789
1710536244049981632,7.177873611450195,-1.1424243450164795,-6.985074520111084
1710536244148496429,7.176675796508789,-1.032253384590149,-6.980284214019775
1710536244152710148,7.24493408203125,-1.1041040420532227,-6.939568996429443
1710536244175770840,7.217391490936279,-1.1148816347122192,-6.886878490447998
1710536244200993497,7.193441390991211,-1.1723620891571045,-6.919211387634277
1710536244228809933,7.205416202545166,-0.9783654808998108,-6.86292839050293
1710536244242875853,7.214996337890625,-1.0753637552261353,-6.888076305389404
1710536244268248495,7.183861255645752,-1.1951147317886353,-7.009024620056152
1710536244308298710,7.219786167144775,-1.0789562463760376,-6.957531929016113
1710536244331358401,7.191046237945557,-1.1508069038391113,-6.974297046661377
1710536244362752086,7.181466102600098,-1.098116397857666,-6.953939437866211
1710536244369973810,7.175478458404541,-1.0394384860992432,-6.92280387878418
1710536244377403635,7.213798999786377,-1.1999047994613647,-6.889273643493652
1710536244421389672,7.164700984954834,-1.1041040420532227,-6.903643608093262
1710536244435882696,7.179070949554443,-1.092128872871399,-6.918014049530029
1710536244455036387,7.176675796508789,-1.0250684022903442,-7.013814926147461
1710536244503438151,7.18026876449585,-1.0993139743804932,-7.034172534942627
1710536244560100781,7.18505859375,-1.1112890243530273,-6.980284214019775
1710536244564309451,7.183861255645752,-1.0861413478851318,-6.944359302520752
1710536244609505598,7.179070949554443,-1.1244616508483887,-6.907236099243164
1710536244616745059,7.228168964385986,-1.152004361152649,-6.898853778839111
1710536244642119680,7.191046237945557,-1.0813512802124023,-6.935976505279541
1710536244663163012,7.218588829040527,-1.0885363817214966,-6.904841423034668
1710536244690379165,7.211403846740723,-1.062191128730774,-6.973099231719971
1710536244702976380,7.201823711395264,-1.0358459949493408,-6.925199031829834
1710536244715439123,7.203021049499512,-1.0885363817214966,-6.903643608093262
1710536244738611734,7.212601184844971,-1.1783496141433716,-6.92280387878418
1710536244747099124,7.219786167144775,-1.1064990758895874,-6.987469673156738
1710536244780660839,7.212601184844971,-1.0442285537719727,-6.959926605224609
1710536244833012340,7.20781135559082,-1.1112890243530273,-6.946753978729248
1710536244856341352,7.220983982086182,-1.0657837390899658,-6.921606540679932
1710536244879277559,7.181466102600098,-1.0705736875534058,-6.934779167175293
1710536244904635326,7.168293476104736,-1.0490185022354126,-7.0102219581604
1710536244923738690,7.212601184844971,-1.0645861625671387,-6.98267936706543
1710536244948793732,7.206613540649414,-1.123264193534851,-6.953939437866211
1710536244993076323,7.182663440704346,-1.122066617012024,-6.884483814239502
1710536244997071410,7.230564117431641,-1.161584496498108,-6.835385799407959
1710536245010579359,7.205416202545166,-1.1029064655303955,-6.95034646987915
1710536245022379074,7.187453746795654,-1.0490185022354126,-6.884483814239502
1710536245058034240,7.220983982086182,-1.053808569908142,-6.909631252288818
1710536245110785939,7.181466102600098,-1.1328442096710205,-6.959926605224609
1710536245112857538,7.211403846740723,-1.1064990758895874,-6.937173843383789
1710536245142330179,7.193441390991211,-1.0945239067077637,-6.924001693725586
1710536245163159690,7.205416202545166,-1.092128872871399,-6.919211387634277
1710536245171924927,7.186255931854248,-1.1112890243530273,-6.970704555511475
1710536245186346822,7.186255931854248,-1.1112890243530273,-6.970704555511475
1710536245224618608,7.197033882141113,-1.0969189405441284,-6.959926605224609
1710536245263139883,7.179070949554443,-1.027463436126709,-6.918014049530029
1710536245285253301,7.226971626281738,-1.167572021484375,-6.955136775970459
1710536245335648064,7.183861255645752,-1.152004361152649,-6.949149131774902
1710536245337662449,7.200626373291016,-1.0657837390899658,-6.963519096374512
1710536245363324559,7.191046237945557,-1.1244616508483887,-6.979086875915527
1710536245380139029,7.206613540649414,-1.1100915670394897,-6.957531929016113
1710536245394782097,7.188651084899902,-1.0729687213897705,-6.961124420166016
1710536245411285542,7.18505859375,-1.098116397857666,-6.964716911315918
1710536245428177949,7.18984842300415,-1.0957214832305908,-6.921606540679932
1710536245468405122,7.224576473236084,-1.1100915670394897,-6.933581352233887
1710536245487237654,7.174281120300293,-1.1328442096710205,-6.981482028961182
1710536245495565949,7.191046237945557,-1.1064990758895874,-6.939568996429443
1710536245516868550,7.199428558349609,-1.0753637552261353,-6.903643608093262
1710536245533643986,7.232958793640137,-1.1100915670394897,-6.870113372802734
1710536245559277755,7.18984842300415,-1.0801538228988647,-7.016209602355957
1710536245599008575,7.181466102600098,-1.0993139743804932,-6.951544284820557
1710536245622071154,7.211403846740723,-1.1543993949890137,-6.939568996429443
1710536245657794258,7.186255931854248,-1.0645861625671387,-6.914421558380127
1710536245680728575,7.170688629150391,-1.1448193788528442,-6.943161487579346
1710536245697626374,7.218588829040527,-1.122066617012024,-6.920408725738525
1710536245716651955,7.181466102600098,-1.1088939905166626,-6.971901893615723
1710536245743920371,7.229366302490234,-1.1484118700027466,-6.84855842590332
1710536245750237718,7.232958793640137,-1.1005114316940308,-6.855743408203125
1710536245758653316,7.177873611450195,-1.0514135360717773,-6.951544284820557
1710536245771129291,7.213798999786377,-1.0454260110855103,-6.959926605224609
1710536245792134110,7.167096138000488,-1.0059082508087158,-6.991062164306641
1710536245802712095,7.232958793640137,-1.0142908096313477,-6.951544284820557
1710536245836545794,7.219786167144775,-1.177152156829834,-6.980284214019775
1710536245878467022,7.20781135559082,-1.0777587890625,-6.979086875915527
1710536245886906703,7.194638729095459,-1.0466235876083374,-6.904841423034668
1710536245914158463,7.205416202545166,-1.157991886138916,-6.94076681137085
1710536245943700091,7.179070949554443,-1.1412267684936523,-6.975494384765625
1710536245989893605,7.217391490936279,-1.0346484184265137,-6.937173843383789
1710536245996183070,7.171885967254639,-1.1124866008758545,-6.971901893615723
1710536246012903715,7.223379135131836,-1.1412267684936523,-6.932384014129639
1710536246031932413,7.183861255645752,-1.1208691596984863,-6.955136775970459
1710536246046730836,7.20781135559082,-1.0945239067077637,-6.916816234588623
1710536246061267524,7.234156608581543,-1.1424243450164795,-6.846163272857666
1710536246080178604,7.173083305358887,-1.1244616508483887,-6.889273643493652
1710536246109499182,7.167096138000488,-1.1124866008758545,-6.981482028961182
1710536246141185965,7.219786167144775,-1.1304491758346558,-6.935976505279541
1710536246153665477,7.228168964385986,-1.1364368200302124,-6.946753978729248
1710536246210823475,7.18505859375,-1.0562036037445068,-6.946753978729248
1710536246211342625,7.182663440704346,-1.153201937675476,-6.865323543548584
1710536246223374946,7.24493408203125,-1.1867321729660034,-6.837780952453613
1710536246265134688,7.210206508636475,-1.1053014993667603,-6.951544284820557
1710536246302899215,7.177873611450195,-1.153201937675476,-6.933581352233887
1710536246319826904,7.220983982086182,-1.1304491758346558,-6.892866134643555
1710536246330168357,7.155120849609375,-1.0262658596038818,-7.024592399597168
1710536246334599532,7.155120849609375,-1.0262658596038818,-7.024592399597168
1710536246342953249,7.174281120300293,-1.0202783346176147,-6.939568996429443
1710536246368231707,7.203021049499512,-1.1939172744750977,-6.934779167175293
1710536246380758813,7.213798999786377,-1.1843371391296387,-6.958729267120361
1710536246391164061,7.217391490936279,-1.0789562463760376,-7.006629467010498
1710536246411219118,7.231761455535889,-1.0490185022354126,-6.955136775970459
1710536246424581517,7.210206508636475,-1.063388705253601,-6.901248931884766
1710536246435278275,7.224576473236084,-1.092128872871399,-6.961124420166016
1710536246456249155,7.174281120300293,-1.092128872871399,-6.961124420166016
1710536246462904544,7.204218864440918,-1.1460168361663818,-7.0006422996521
1710536246485802980,7.217391490936279,-1.087338924407959,-6.945556640625
1710536246509033112,7.223379135131836,-1.0909314155578613,-6.931186676025391
1710536246525720371,7.226971626281738,-1.071771264076233,-6.921606540679932
1710536246609900195,7.18026876449585,-1.1196715831756592,-6.871311187744141
1710536246630776935,7.211403846740723,-1.123264193534851,-6.983877182006836
1710536246654042063,7.200626373291016,-1.1029064655303955,-6.970704555511475
1710536246692118103,7.203021049499512,-1.1496093273162842,-6.995851993560791
1710536246702396117,7.206613540649414,-1.1328442096710205,-6.976691722869873
1710536246725468811,7.212601184844971,-1.0645861625671387,-6.933581352233887
1710536246731945852,7.179070949554443,-1.0550061464309692,-6.949149131774902
1710536246754956139,7.211403846740723,-1.0957214832305908,-6.921606540679932
1710536246758974687,7.191046237945557,-1.101709008216858,-6.895261287689209
1710536246773931797,7.179070949554443,-1.1603869199752808,-6.910829067230225
1710536246805675647,7.199428558349609,-1.1041040420532227,-6.958729267120361
1710536246811371198,7.200626373291016,-1.1543993949890137,-6.952741622924805
1710536246834806769,7.237749099731445,-1.128054141998291,-6.86292839050293
1710536246851461827,7.195836067199707,-1.0885363817214966,-6.924001693725586
1710536246872717238,7.214996337890625,-1.0466235876083374,-6.943161487579346
1710536246885295934,7.213798999786377,-1.047821044921875,-6.902446269989014
1710536246925101914,7.199428558349609,-1.1687694787979126,-6.918014049530029
1710536246950166914,7.152725696563721,-1.0657837390899658,-7.040159702301025
1710536246983578653,7.225773811340332,-1.0502160787582397,-6.956334114074707
1710536246988017338,7.188651084899902,-1.0609936714172363,-6.894063949584961
1710536247004906483,7.231761455535889,-1.0993139743804932,-6.876101016998291
1710536247029907875,7.228168964385986,-1.1184741258621216,-6.925199031829834
1710536247051024229,7.175478458404541,-1.093326449394226,-6.939568996429443
1710536247054849861,7.219786167144775,-1.0969189405441284,-6.912026405334473
1710536247071728094,7.214996337890625,-1.0729687213897705,-6.904841423034668
1710536247103381052,7.171885967254639,-1.123264193534851,-6.975494384765625
1710536247122160551,7.217391490936279,-1.1184741258621216,-6.928791522979736
1710536247149643446,7.198231220245361,-1.1112890243530273,-6.937173843383789
1710536247166518460,7.2401442527771,-1.1699670553207397,-6.834188461303711
1710536247185451894,7.216193675994873,-1.1208691596984863,-6.975494384765625
1710536247212294088,7.193441390991211,-1.0310559272766113,-6.909631252288818
1710536247242273794,7.197033882141113,-1.1508069038391113,-6.969506740570068
1710536247251492309,7.194638729095459,-1.1112890243530273,-6.980284214019775
1710536247278428466,7.214996337890625,-1.098116397857666,-6.938371658325195
1710536247303303798,7.195836067199707,-1.117276668548584,-6.8904709815979
1710536247328683035,7.226971626281738,-1.1555969715118408,-6.878496170043945
1710536247356091444,7.188651084899902,-1.1041040420532227,-6.969506740570068
1710536247370870430,7.170688629150391,-1.167572021484375,-6.926396369934082
1710536247393903910,7.187453746795654,-1.107696533203125,-6.906038761138916
1710536247414946568,7.223379135131836,-1.0562036037445068,-6.965914249420166
1710536247423368985,7.228168964385986,-1.0310559272766113,-6.895261287689209
1710536247461355921,7.186255931854248,-1.0813512802124023,-6.892866134643555
1710536247507764384,7.165898323059082,-1.0849438905715942,-7.026987075805664
1710536247512105404,7.177873611450195,-1.071771264076233,-6.927594184875488
1710536247539253571,7.230564117431641,-1.1268566846847534,-6.904841423034668
1710536247617107944,7.211403846740723,-1.0897338390350342,-6.939568996429443
1710536247635811332,7.219786167144775,-1.117276668548584,-6.935976505279541
1710536247669436704,7.192243576049805,-1.1508069038391113,-6.934779167175293
1710536247690686839,7.234156608581543,-1.1508069038391113,-6.934779167175293
1710536247778995752,7.247329235076904,-1.0741662979125977,-6.889273643493652
1710536247835416253,7.220983982086182,-1.1041040420532227,-6.929988861083984
1710536247844752556,7.198231220245361,-1.1867321729660034,-6.868916034698486
1710536247865091864,7.235353946685791,-1.161584496498108,-6.938371658325195
1710536247871419383,7.18505859375,-1.161584496498108,-6.938371658325195
1710536247883963622,7.214996337890625,-1.0993139743804932,-6.943161487579346
1710536247896759623,7.205416202545166,-1.0897338390350342,-6.947951793670654
1710536247917586836,7.203021049499512,-1.167572021484375,-6.938371658325195
1710536247928179920,7.231761455535889,-1.1064990758895874,-6.870113372802734
1710536247946941594,7.198231220245361,-1.071771264076233,-6.975494384765625
1710536247982616023,7.214996337890625,-1.0777587890625,-6.973099231719971
1710536247999494684,7.177873611450195,-1.0370434522628784,-6.965914249420166
1710536248011677022,7.232958793640137,-1.0370434522628784,-6.904841423034668
1710536248043494148,7.209008693695068,-1.087338924407959,-6.965914249420166
1710536248098212388,7.174281120300293,-1.1448193788528442,-6.977889537811279
1710536248112784618,7.187453746795654,-1.1699670553207397,-6.977889537811279
1710536248135993092,7.213798999786377,-1.1555969715118408,-6.927594184875488
1710536248169624571,7.216193675994873,-1.053808569908142,-6.896458625793457
1710536248194543102,7.217391490936279,-1.1244616508483887,-6.943161487579346
1710536248234726144,7.182663440704346,-1.1292517185211182,-6.955136775970459
1710536248291243142,7.182663440704346,-1.0490185022354126,-6.955136775970459
1710536248373283342,7.212601184844971,-1.1184741258621216,-6.894063949584961
1710536248402465033,7.194638729095459,-1.1807446479797363,-6.858138561248779
1710536248413209398,7.224576473236084,-1.1328442096710205,-6.915618896484375
1710536248425753163,7.224576473236084,-1.1328442096710205,-6.915618896484375
1710536248459283128,7.18984842300415,-1.0861413478851318,-6.973099231719971
1710536248465908107,7.197033882141113,-1.1400293111801147,-6.975494384765625
1710536248516147575,7.223379135131836,-1.1100915670394897,-6.865323543548584
1710536248560324575,7.18505859375,-1.0705736875534058,-6.929988861083984
1710536248585552014,7.177873611450195,-1.057401180267334,-6.971901893615723
1710536248619057707,7.212601184844971,-1.0609936714172363,-6.895261287689209
1710536248623597156,7.194638729095459,-1.0741662979125977,-6.884483814239502
1710536248665579336,7.218588829040527,-1.1567944288253784,-6.938371658325195
1710536248684914287,7.211403846740723,-1.1304491758346558,-6.945556640625
1710536248720118151,7.224576473236084,-1.0909314155578613,-6.8904709815979
1710536248768496830,7.219786167144775,-1.1543993949890137,-6.94076681137085
1710536248770590241,7.179070949554443,-1.1591894626617432,-6.959926605224609
1710536248791570949,7.171885967254639,-1.0969189405441284,-6.904841423034668
1710536248823029510,7.18026876449585,-1.071771264076233,-7.006629467010498
1710536248838089393,7.199428558349609,-1.0669811964035034,-7.016209602355957
1710536248848418761,7.223379135131836,-1.1759545803070068,-6.891668796539307
1710536248884221711,7.22218132019043,-1.272952914237976,-6.815028190612793
1710536248890615646,7.247329235076904,-1.157991886138916,-6.83059549331665
1710536248947220652,7.187453746795654,-1.068178653717041,-6.807843208312988
1710536248966070145,7.200626373291016,-0.9939330816268921,-6.989864349365234
1710536248972396272,7.167096138000488,-1.1064990758895874,-7.089257717132568
1710536248990992997,7.198231220245361,-1.1184741258621216,-7.019802093505859
1710536249012163824,7.150331020355225,-1.1543993949890137,-6.979086875915527
1710536249035243281,7.179070949554443,-1.1795470714569092,-7.019802093505859
1710536249058557933,7.131170749664307,-1.0885363817214966,-6.928791522979736
1710536249117362615,7.217391490936279,-1.0454260110855103,-6.985074520111084
1710536249161368270,7.192243576049805,-1.0885363817214966,-7.022197246551514
1710536249180436716,7.232958793640137,-1.107696533203125,-6.944359302520752
1710536249211436468,7.201823711395264,-1.0813512802124023,-6.896458625793457
1710536249222413734,7.259304046630859,-1.1603869199752808,-6.938371658325195
1710536249234999331,7.171885967254639,-1.033450961112976,-6.902446269989014
1710536249272854725,7.179070949554443,-1.0442285537719727,-6.957531929016113
1710536249283506187,7.219786167144775,-1.0442285537719727,-6.926396369934082
1710536249304611338,7.186255931854248,-1.2346326112747192,-6.864126205444336
1710536249329413894,7.200626373291016,-1.0514135360717773,-6.865323543548584
1710536249350742371,7.177873611450195,-1.093326449394226,-6.902446269989014
1710536249390711363,7.167096138000488,-1.0657837390899658,-6.985074520111084
1710536249413593549,7.234156608581543,-1.1663745641708374,-6.888076305389404
1710536249437537718,7.18505859375,-1.241817593574524,-7.004234790802002
1710536249458044208,7.262896537780762,-1.197509765625,-7.025789737701416
1710536249481105092,7.216193675994873,-1.107696533203125,-6.946753978729248
1710536249512737639,7.205416202545166,-1.0705736875534058,-6.961124420166016
1710536249550432083,7.2497239112854,-1.032253384590149,-6.900051116943359
1710536249562985595,7.186255931854248,-1.0705736875534058,-6.956334114074707
1710536249584171411,7.220983982086182,-1.1100915670394897,-6.793472766876221
1710536249586072551,7.212601184844971,-1.1100915670394897,-6.827003002166748
1710536249605085420,7.155120849609375,-1.1340417861938477,-7.029382228851318
1710536249632558040,7.194638729095459,-1.063388705253601,-6.758745193481445
1710536249647292378,7.213798999786377,-1.0945239067077637,-6.860533237457275
1710536249664183811,7.135960578918457,-1.0825488567352295,-7.006629467010498
1710536249691579555,7.186255931854248,-1.2286449670791626,-7.024592399597168
1710536249714657004,7.176675796508789,-1.1352392435073853,-7.02818489074707
1710536249746149669,7.171885967254639,-1.1053014993667603,-7.026987075805664
1710536249777888469,7.187453746795654,-1.0969189405441284,-6.935976505279541
1710536249794611958,7.200626373291016,-1.1448193788528442,-6.888076305389404
1710536249809995072,7.171885967254639,-1.0226733684539795,-6.924001693725586
1710536249826271274,7.169490814208984,-1.1053014993667603,-7.024592399597168
1710536249880794974,7.181466102600098,-1.0490185022354126,-7.004234790802002
1710536249922943742,7.193441390991211,-1.1699670553207397,-6.912026405334473
1710536249990139700,7.194638729095459,-1.1723620891571045,-7.012617111206055
1710536250000618584,7.176675796508789,-1.1567944288253784,-7.018604755401611
1710536250023660759,7.199428558349609,-1.1244616508483887,-6.973099231719971
1710536250030094547,7.205416202545166,-1.0358459949493408,-6.867718696594238
1710536250078325603,7.214996337890625,-1.1939172744750977,-6.858138561248779
1710536250093225240,7.213798999786377,-1.243015170097351,-6.926396369934082
1710536250107860858,7.209008693695068,-1.0777587890625,-6.927594184875488
1710536250114153489,7.194638729095459,-1.0597960948944092,-6.98267936706543
1710536250132942399,7.18505859375,-1.098116397857666,-7.023394584655762
1710536250149750062,7.18505859375,-1.098116397857666,-7.023394584655762
1710536250183277768,7.179070949554443,-1.053808569908142,-7.053332328796387
1710536250218881104,7.176675796508789,-1.0502160787582397,-6.945556640625
1710536250290699562,7.182663440704346,-0.9915381073951721,-6.900051116943359
1710536250341308834,7.187453746795654,-1.053808569908142,-6.92280387878418
1710536250364454116,7.194638729095459,-1.1005114316940308,-6.955136775970459
1710536250391727539,7.193441390991211,-1.1184741258621216,-6.986271858215332
1710536250414721607,7.18505859375,-1.123264193534851,-6.958729267120361
1710536250433455063,7.188651084899902,-1.0849438905715942,-6.95034646987915
1710536250461053362,7.191046237945557,-1.0514135360717773,-6.918014049530029
1710536250517756197,7.191046237945557,-1.152004361152649,-6.916816234588623
1710536250528274718,7.192243576049805,-1.1412267684936523,-6.938371658325195
1710536250542209223,7.204218864440918,-1.1184741258621216,-6.901248931884766
1710536250561930388,7.210206508636475,-1.1029064655303955,-6.904841423034668
1710536250587009307,7.192243576049805,-1.1256592273712158,-6.965914249420166
1710536250599756715,7.186255931854248,-1.062191128730774,-6.955136775970459
1710536250618633946,7.192243576049805,-1.0909314155578613,-6.951544284820557
1710536250660782264,7.192243576049805,-1.152004361152649,-6.925199031829834
1710536250667070535,7.209008693695068,-1.128054141998291,-6.915618896484375
1710536250688042376,7.210206508636475,-1.1124866008758545,-6.951544284820557
1710536250696544124,7.183861255645752,-1.0825488567352295,-6.975494384765625
1710536250721938037,7.193441390991211,-1.0370434522628784,-6.977889537811279
1710536250742686207,7.194638729095459,-1.0190807580947876,-6.987469673156738
1710536250793170844,7.204218864440918,-1.1292517185211182,-6.937173843383789
1710536250814983031,7.194638729095459,-1.1256592273712158,-6.907236099243164
1710536250824832881,7.177873611450195,-1.087338924407959,-6.933581352233887
1710536250841507558,7.18026876449585,-1.0789562463760376,-6.921606540679932
1710536250873115935,7.193441390991211,-1.0993139743804932,-6.944359302520752
1710536250879355444,7.188651084899902,-1.1064990758895874,-6.944359302520752
1710536250902652643,7.206613540649414,-1.0993139743804932,-6.92280387878418
1710536250915075358,7.199428558349609,-1.1496093273162842,-6.952741622924805
1710536250942323858,7.187453746795654,-1.1699670553207397,-6.963519096374512
1710536250980010292,7.197033882141113,-1.0813512802124023,-6.90843391418457
1710536250982119515,7.181466102600098,-1.0609936714172363,-6.90843391418457
1710536251024291061,7.187453746795654,-1.1184741258621216,-6.943161487579346
1710536251047560338,7.187453746795654,-1.1268566846847534,-6.945556640625
1710536251081153603,7.197033882141113,-1.1184741258621216,-6.965914249420166
1710536251100212285,7.194638729095459,-1.1304491758346558,-6.961124420166016
1710536251127159283,7.179070949554443,-1.0765613317489624,-6.957531929016113
1710536251139776688,7.194638729095459,-1.0490185022354126,-6.961124420166016
1710536251158850136,7.197033882141113,-1.071771264076233,-6.945556640625
1710536251165390383,7.186255931854248,-1.1196715831756592,-6.932384014129639
1710536251178020931,7.191046237945557,-1.1424243450164795,-6.910829067230225
1710536251196596329,7.188651084899902,-1.1064990758895874,-6.873705863952637
1710536251215256018,7.200626373291016,-1.1292517185211182,-6.918014049530029
1710536251230224495,7.18505859375,-1.1292517185211182,-6.959926605224609
