bag_timestamp_ns,load_cell_field_0,load_cell_field_1,load_cell_field_2,load_cell_field_3,load_cell_field_4,load_cell_field_5,load_cell_timestamp,load_cell_reading,actuator_displacement
1710535083863954907,2.0,3604.0,-17.27,725.0,2.0,2.0,3604.0,-17.27,725.0
1710535084409060695,3.0,4104.0,-13.84,725.5,2.0,2.0,4104.0,-13.84,725.5
1710535084953972581,4.0,4604.0,-13.73,726.0,2.0,2.0,4604.0,-13.73,726.0
1710535085498644413,5.0,5104.0,-12.53,726.5,2.0,2.0,5104.0,-12.53,726.5
1710535086046677746,6.0,5604.0,-9.15,727.0,2.0,2.0,5604.0,-9.15,727.0
1710535086591816851,7.0,6104.0,-10.5,727.5,2.0,2.0,6104.0,-10.5,727.5
1710535087136744771,8.0,6604.0,-7.97,728.0,2.0,2.0,6604.0,-7.97,728.0
1710535087681454286,9.0,7104.0,-6.33,728.5,2.0,2.0,7104.0,-6.33,728.5
1710535088229229253,10.0,7604.0,-7.48,729.0,2.0,2.0,7604.0,-7.48,729.0
1710535088774859532,11.0,8104.0,-4.45,729.5,2.0,2.0,8104.0,-4.45,729.5
1710535089319736810,12.0,8604.0,-0.12,730.0,2.0,2.0,8604.0,-0.12,730.0
1710535089864616582,13.0,9104.0,-1.75,730.5,2.0,2.0,9104.0,-1.75,730.5
1710535090409692024,14.0,9604.0,-0.9,731.0,2.0,2.0,9604.0,-0.9,731.0
1710535090954455286,15.0,10104.0,-0.42,731.5,2.0,2.0,10104.0,-0.42,731.5
1710535091502616981,16.0,10604.0,-6.44,732.0,2.0,2.0,10604.0,-6.44,732.0
1710535092047391433,17.0,11104.0,-1.7,732.5,2.0,2.0,11104.0,-1.7,732.5
1710535092592434085,18.0,11604.0,-0.57,733.0,2.0,2.0,11604.0,-0.57,733.0
1710535093137320098,19.0,12104.0,1.02,733.5,2.0,2.0,12104.0,1.02,733.5
1710535093682222655,20.0,12604.0,5.67,734.0,2.0,2.0,12604.0,5.67,734.0
1710535094230316354,21.0,13104.0,1.29,734.5,2.0,2.0,13104.0,1.29,734.5
1710535094775462169,22.0,13604.0,5.13,735.0,2.0,2.0,13604.0,5.13,735.0
1710535095320271284,23.0,14104.0,6.33,735.5,2.0,2.0,14104.0,6.33,735.5
1710535095864644113,24.0,14604.0,6.0,736.0,2.0,2.0,14604.0,6.0,736.0
1710535096410132748,25.0,15104.0,7.88,736.5,2.0,2.0,15104.0,7.88,736.5
1710535096958345665,26.0,15604.0,9.43,737.0,2.0,2.0,15604.0,9.43,737.0
1710535097503256624,27.0,16104.0,9.18,737.5,2.0,2.0,16104.0,9.18,737.5
1710535098048134389,28.0,16604.0,10.29,738.0,2.0,2.0,16604.0,10.29,738.0
1710535098592972701,29.0,17104.0,13.88,738.5,2.0,2.0,17104.0,13.88,738.5
1710535099138466977,30.0,17604.0,14.21,739.0,2.0,2.0,17604.0,14.21,739.0
1710535099686002719,31.0,18104.0,13.95,739.5,2.0,2.0,18104.0,13.95,739.5
1710535100231699406,32.0,18604.0,15.39,740.0,2.0,2.0,18604.0,15.39,740.0
1710535100776127725,33.0,19104.0,18.52,740.5,2.0,2.0,19104.0,18.52,740.5
1710535101321001733,34.0,19604.0,20.85,741.0,2.0,2.0,19604.0,20.85,741.0
1710535101865326181,35.0,20104.0,20.63,741.5,2.0,2.0,20104.0,20.63,741.5
1710535102414146242,36.0,20604.0,20.55,742.0,2.0,2.0,20604.0,20.55,742.0
1710535102958925034,37.0,21104.0,21.99,742.5,2.0,2.0,21104.0,21.99,742.5
1710535103504266417,38.0,21604.0,28.63,743.0,2.0,2.0,21604.0,28.63,743.0
1710535104048396362,39.0,22104.0,26.56,743.5,2.0,2.0,22104.0,26.56,743.5
1710535104593926193,40.0,22604.0,26.99,744.0,2.0,2.0,22604.0,26.99,744.0
1710535105142073457,41.0,23104.0,27.56,744.5,2.0,2.0,23104.0,27.56,744.5
1710535105686578972,42.0,23604.0,27.09,745.0,2.0,2.0,23604.0,27.09,745.0
1710535106234971215,43.0,24104.0,28.93,745.5,2.0,2.0,24104.0,28.93,745.5
1710535106777096789,44.0,24604.0,32.05,746.0,2.0,2.0,24604.0,32.05,746.0
1710535107324928827,45.0,25104.0,29.94,746.5,2.0,2.0,25104.0,29.94,746.5
1710535107869833591,46.0,25604.0,34.49,747.0,2.0,2.0,25604.0,34.49,747.0
1710535108414733603,47.0,26104.0,29.47,747.5,2.0,2.0,26104.0,29.47,747.5
1710535108959685314,48.0,26604.0,30.85,748.0,2.0,2.0,26604.0,30.85,748.0
1710535109504603205,49.0,27104.0,31.16,748.5,2.0,2.0,27104.0,31.16,748.5
1710535110052827701,50.0,27604.0,35.6,749.0,2.0,2.0,27604.0,35.6,749.0
1710535110597756387,51.0,28104.0,38.68,749.5,2.0,2.0,28104.0,38.68,749.5
1710535111142778840,52.0,28604.0,39.55,750.0,2.0,2.0,28604.0,39.55,750.0
1710535111687466183,53.0,29104.0,41.6,750.5,2.0,2.0,29104.0,41.6,750.5
1710535112232105743,54.0,29604.0,43.27,751.0,2.0,2.0,29604.0,43.27,751.0
1710535112780676052,55.0,30104.0,45.58,751.5,2.0,2.0,30104.0,45.58,751.5
1710535113325617901,56.0,30604.0,45.59,752.0,2.0,2.0,30604.0,45.59,752.0
1710535113870332127,57.0,31104.0,46.35,752.5,2.0,2.0,31104.0,46.35,752.5
1710535114415703801,58.0,31604.0,43.74,753.0,2.0,2.0,31604.0,43.74,753.0
1710535114964054671,59.0,32104.0,47.43,753.5,2.0,2.0,32104.0,47.43,753.5
1710535115508845521,60.0,32604.0,50.37,754.0,2.0,2.0,32604.0,50.37,754.0
1710535116053234635,61.0,-32432.0,52.41,754.5,2.0,2.0,-32432.0,52.41,754.5
1710535116598400617,62.0,-31932.0,52.73,755.0,2.0,2.0,-31932.0,52.73,755.0
1710535117143241793,63.0,-31432.0,54.65,755.5,2.0,2.0,-31432.0,54.65,755.5
1710535117691706329,64.0,-30932.0,56.55,756.0,2.0,2.0,-30932.0,56.55,756.0
1710535118236227892,65.0,-30432.0,58.54,756.5,2.0,2.0,-30432.0,58.54,756.5
1710535118781368810,66.0,-29932.0,60.84,757.0,2.0,2.0,-29932.0,60.84,757.0
1710535119326496420,67.0,-29432.0,65.76,757.5,2.0,2.0,-29432.0,65.76,757.5
1710535119874619214,68.0,-28932.0,54.39,758.0,2.0,2.0,-28932.0,54.39,758.0
1710535120419431962,69.0,-28432.0,58.06,758.5,2.0,2.0,-28432.0,58.06,758.5
1710535120964696174,70.0,-27932.0,62.76,759.0,2.0,2.0,-27932.0,62.76,759.0
1710535121509662304,71.0,-27432.0,68.5,759.5,2.0,2.0,-27432.0,68.5,759.5
1710535122053861847,72.0,-26932.0,70.78,760.0,2.0,2.0,-26932.0,70.78,760.0
1710535122602562459,73.0,-26432.0,71.79,760.5,2.0,2.0,-26432.0,71.79,760.5
1710535123147608736,74.0,-25932.0,71.72,761.0,2.0,2.0,-25932.0,71.72,761.0
1710535123692387847,75.0,-25432.0,78.02,761.5,2.0,2.0,-25432.0,78.02,761.5
1710535124236963389,76.0,-24932.0,78.84,762.0,2.0,2.0,-24932.0,78.84,762.0
1710535124782034808,77.0,-24432.0,77.03,762.5,2.0,2.0,-24432.0,77.03,762.5
1710535125330413459,78.0,-23932.0,78.4,763.0,2.0,2.0,-23932.0,78.4,763.0
1710535125875440059,79.0,-23432.0,77.36,763.5,2.0,2.0,-23432.0,77.36,763.5
1710535126420267509,80.0,-22932.0,82.01,764.0,2.0,2.0,-22932.0,82.01,764.0
1710535126965109441,81.0,-22432.0,86.23,764.5,2.0,2.0,-22432.0,86.23,764.5
1710535127513397043,82.0,-21932.0,83.56,765.0,2.0,2.0,-21932.0,83.56,765.0
1710535128058117271,83.0,-21432.0,89.7,765.5,2.0,2.0,-21432.0,89.7,765.5
1710535128603058120,84.0,-20932.0,92.09,766.0,2.0,2.0,-20932.0,92.09,766.0
1710535129148054294,85.0,-20432.0,94.96,766.5,2.0,2.0,-20432.0,94.96,766.5
1710535129693472723,86.0,-19932.0,80.98,767.0,2.0,2.0,-19932.0,80.98,767.0
1710535130241438580,87.0,-19432.0,90.25,767.5,2.0,2.0,-19432.0,90.25,767.5
1710535130786115153,88.0,-18932.0,93.87,768.0,2.0,2.0,-18932.0,93.87,768.0
1710535131331133013,89.0,-18432.0,97.39,768.5,2.0,2.0,-18432.0,97.39,768.5
